{
    "name": "root",
    "gauges": {
        "AgentB.Policy.Entropy.mean": {
            "value": 1.446484923362732,
            "min": 1.4461184740066528,
            "max": 1.58698308467865,
            "count": 20
        },
        "AgentB.Policy.Entropy.sum": {
            "value": 72259.15625,
            "min": 72259.15625,
            "max": 79353.9140625,
            "count": 20
        },
        "AgentB.Step.mean": {
            "value": 999949.0,
            "min": 49939.0,
            "max": 999949.0,
            "count": 20
        },
        "AgentB.Step.sum": {
            "value": 999949.0,
            "min": 49939.0,
            "max": 999949.0,
            "count": 20
        },
        "AgentB.Policy.ExtrinsicValueEstimate.mean": {
            "value": 0.04156383499503136,
            "min": -0.2694260776042938,
            "max": 0.05112583935260773,
            "count": 20
        },
        "AgentB.Policy.ExtrinsicValueEstimate.sum": {
            "value": 33.87452697753906,
            "min": -215.81028747558594,
            "max": 41.00292205810547,
            "count": 20
        },
        "AgentB.Environment.EpisodeLength.mean": {
            "value": 707.1571428571428,
            "min": 571.1363636363636,
            "max": 1227.2619047619048,
            "count": 20
        },
        "AgentB.Environment.EpisodeLength.sum": {
            "value": 49501.0,
            "min": 48504.0,
            "max": 51545.0,
            "count": 20
        },
        "AgentB.Self-play.ELO.mean": {
            "value": 1269.740164503701,
            "min": 1201.3401594531222,
            "max": 1273.568109666075,
            "count": 20
        },
        "AgentB.Self-play.ELO.sum": {
            "value": 88881.81151525906,
            "min": 49254.946537578006,
            "max": 106189.46069243667,
            "count": 20
        },
        "AgentB.Environment.CumulativeReward.mean": {
            "value": 0.2857142857142857,
            "min": -0.024390243902439025,
            "max": 0.6,
            "count": 20
        },
        "AgentB.Environment.CumulativeReward.sum": {
            "value": 20.0,
            "min": -2.0,
            "max": 33.0,
            "count": 20
        },
        "AgentB.Policy.ExtrinsicReward.mean": {
            "value": 0.2857142857142857,
            "min": -0.024390243902439025,
            "max": 0.6,
            "count": 20
        },
        "AgentB.Policy.ExtrinsicReward.sum": {
            "value": 20.0,
            "min": -2.0,
            "max": 33.0,
            "count": 20
        },
        "AgentB.Losses.PolicyLoss.mean": {
            "value": 0.026353630870580673,
            "min": 0.021283922172151505,
            "max": 0.026353630870580673,
            "count": 10
        },
        "AgentB.Losses.PolicyLoss.sum": {
            "value": 0.13176815435290337,
            "min": 0.08518274280553063,
            "max": 0.13176815435290337,
            "count": 10
        },
        "AgentB.Losses.ValueLoss.mean": {
            "value": 0.006692772464981923,
            "min": 0.005765360543349137,
            "max": 0.01259665163854758,
            "count": 10
        },
        "AgentB.Losses.ValueLoss.sum": {
            "value": 0.03346386232490962,
            "min": 0.0270954347991695,
            "max": 0.0629832581927379,
            "count": 10
        },
        "AgentB.Policy.LearningRate.mean": {
            "value": 1.6398454533880008e-05,
            "min": 1.6398454533880008e-05,
            "max": 0.0002845716051428,
            "count": 10
        },
        "AgentB.Policy.LearningRate.sum": {
            "value": 8.199227266940004e-05,
            "min": 8.199227266940004e-05,
            "max": 0.0012841002719666,
            "count": 10
        },
        "AgentB.Policy.Epsilon.mean": {
            "value": 0.10546612,
            "min": 0.10546612,
            "max": 0.1948572,
            "count": 10
        },
        "AgentB.Policy.Epsilon.sum": {
            "value": 0.5273306,
            "min": 0.49997179999999997,
            "max": 0.9280334000000002,
            "count": 10
        },
        "AgentB.Policy.Beta.mean": {
            "value": 0.00028275938800000023,
            "min": 0.00028275938800000023,
            "max": 0.0047433742800000005,
            "count": 10
        },
        "AgentB.Policy.Beta.sum": {
            "value": 0.0014137969400000012,
            "min": 0.0014137969400000012,
            "max": 0.021408866659999998,
            "count": 10
        },
        "AgentB.IsTraining.mean": {
            "value": 0.0,
            "min": 0.0,
            "max": 1.0,
            "count": 20
        },
        "AgentB.IsTraining.sum": {
            "value": 0.0,
            "min": 0.0,
            "max": 1.0,
            "count": 20
        },
        "AgentA.Policy.Entropy.mean": {
            "value": 1.5116609334945679,
            "min": 1.479641318321228,
            "max": 1.5989429950714111,
            "count": 5
        },
        "AgentA.Policy.Entropy.sum": {
            "value": 75595.140625,
            "min": 74033.8515625,
            "max": 1678941.25,
            "count": 5
        },
        "AgentA.Environment.EpisodeLength.mean": {
            "value": 2155.7272727272725,
            "min": 829.7154213036566,
            "max": 2772.777777777778,
            "count": 5
        },
        "AgentA.Environment.EpisodeLength.sum": {
            "value": 47426.0,
            "min": 47426.0,
            "max": 1043782.0,
            "count": 5
        },
        "AgentA.Step.mean": {
            "value": 249974.0,
            "min": 49955.0,
            "max": 249974.0,
            "count": 5
        },
        "AgentA.Step.sum": {
            "value": 249974.0,
            "min": 49955.0,
            "max": 249974.0,
            "count": 5
        },
        "AgentA.Policy.ExtrinsicValueEstimate.mean": {
            "value": 8.636994361877441,
            "min": 0.8055098652839661,
            "max": 8.636994361877441,
            "count": 5
        },
        "AgentA.Policy.ExtrinsicValueEstimate.sum": {
            "value": 6857.7734375,
            "min": 634.7417602539062,
            "max": 6857.7734375,
            "count": 5
        },
        "AgentA.Self-play.ELO.mean": {
            "value": 1193.7510922267018,
            "min": 1167.7560084900558,
            "max": 1193.7510922267018,
            "count": 5
        },
        "AgentA.Self-play.ELO.sum": {
            "value": 26262.52402898744,
            "min": 21239.69604888569,
            "max": 39703.704288661895,
            "count": 5
        },
        "AgentA.Environment.CumulativeReward.mean": {
            "value": 273.09090909090907,
            "min": 0.5238095238095238,
            "max": 444.6666666666667,
            "count": 5
        },
        "AgentA.Environment.CumulativeReward.sum": {
            "value": 6008.0,
            "min": 11.0,
            "max": 8004.0,
            "count": 5
        },
        "AgentA.Policy.ExtrinsicReward.mean": {
            "value": 273.09090909090907,
            "min": 0.5238095238095238,
            "max": 444.6666666666667,
            "count": 5
        },
        "AgentA.Policy.ExtrinsicReward.sum": {
            "value": 6008.0,
            "min": 11.0,
            "max": 8004.0,
            "count": 5
        },
        "AgentA.Losses.PolicyLoss.mean": {
            "value": 0.022007195345746973,
            "min": 0.022007195345746973,
            "max": 0.025505610559290896,
            "count": 5
        },
        "AgentA.Losses.PolicyLoss.sum": {
            "value": 0.11003597672873487,
            "min": 0.10202244223716359,
            "max": 0.11860567256808281,
            "count": 5
        },
        "AgentA.Losses.ValueLoss.mean": {
            "value": 1115.6695936934152,
            "min": 0.03229990849892299,
            "max": 1115.6695936934152,
            "count": 5
        },